Region,Country,University
SEAOHUN,CAMBOHUN,Prek Leap National College of Agriculture (PNCA)
SEAOHUN,CAMBOHUN,Royal University of Agriculture (RUA)
SEAOHUN,CAMBOHUN,"University of Health Sciences, Cambodia (UHS-Cambodia)"
SEAOHUN,CAMBOHUN,Other
SEAOHUN,INDOHUN,Airlangga University
SEAOHUN,INDOHUN,Andalas University
SEAOHUN,INDOHUN,Bogor Agriculture University
SEAOHUN,INDOHUN,Brawijaya University
SEAOHUN,INDOHUN,Cendrawasih University
SEAOHUN,INDOHUN,Diponegoro University
SEAOHUN,INDOHUN,Gadjah Mada University
SEAOHUN,INDOHUN,Hasanuddin University
SEAOHUN,INDOHUN,Mataram University
SEAOHUN,INDOHUN,Muhammadiyah Hamka University
SEAOHUN,INDOHUN,Mulawarman University
SEAOHUN,INDOHUN,Nusa Cendana University
SEAOHUN,INDOHUN,Padjajaran University
SEAOHUN,INDOHUN,Sam Ratulangi University
SEAOHUN,INDOHUN,Sriwijaya University
SEAOHUN,INDOHUN,Syiah Kuala University
SEAOHUN,INDOHUN,Udayana University
SEAOHUN,INDOHUN,University of Indonesia
SEAOHUN,INDOHUN,University of North Sumatra
SEAOHUN,INDOHUN,University of West Nusa Tenggara
SEAOHUN,INDOHUN,Other
SEAOHUN,LAOHUN,Champasack University
SEAOHUN,LAOHUN,National University of Laos (NUOL)
SEAOHUN,LAOHUN,Savannakhet University
SEAOHUN,LAOHUN,Souphanouvong University
SEAOHUN,LAOHUN,University of Health Sciences (UHS-Laos)
SEAOHUN,LAOHUN,Other
SEAOHUN,MMOHUN,"University of Medicine 1, Yangon"
SEAOHUN,MMOHUN,"University of Public Health, Yangon"
SEAOHUN,MMOHUN,"University of Veterinary Science, Yezin"
SEAOHUN,MMOHUN,Other
SEAOHUN,MyOHUN,University of Cyberjaya (UoC)
SEAOHUN,MyOHUN,International Islamic University Malaysia (IIUM)
SEAOHUN,MyOHUN,International Medical University
SEAOHUN,MyOHUN,Management and Science University
SEAOHUN,MyOHUN,Royal College of Surgeons in Ireland (RCSI) & University College Dublin (UCD) Malaysia Campus
SEAOHUN,MyOHUN,Universiti Kebangsaan Malaysia (UKM)
SEAOHUN,MyOHUN,Universiti Malaya (UM)
SEAOHUN,MyOHUN,Universiti Malaysia Kelantan (UMK)
SEAOHUN,MyOHUN,Universiti Malaysia Sabah (UMS)
SEAOHUN,MyOHUN,Universiti Malaysia Sarawak (UNIMAS)
SEAOHUN,MyOHUN,Universiti Malaysia Terengganu (UMT)
SEAOHUN,MyOHUN,Universiti Putra Malaysia (UPM)
SEAOHUN,MyOHUN,Universiti Sains Islam Malaysia (USIM)
SEAOHUN,MyOHUN,Universiti Sains Malaysia (USM)
SEAOHUN,MyOHUN,Universiti Sultan Zainal Abidin (UniSZA)
SEAOHUN,MyOHUN,Universiti Teknologi MARA (UiTM)
SEAOHUN,MyOHUN,Universiti Tunku Abdul Rahman
SEAOHUN,MyOHUN,Other
SEAOHUN,PhilOHUN,Benguet State University
SEAOHUN,PhilOHUN,Cavite State University
SEAOHUN,PhilOHUN,Central Luzon State University
SEAOHUN,PhilOHUN,Central Mindanao University
SEAOHUN,PhilOHUN,Pampanga State Agricultural University
SEAOHUN,PhilOHUN,University of Eastern Philippines
SEAOHUN,PhilOHUN,University of the Philippines Los Baños
SEAOHUN,PhilOHUN,University of the Philippines Manila
SEAOHUN,PhilOHUN,Visayas State University
SEAOHUN,PhilOHUN,Other
SEAOHUN,THOHUN,Chiang Mai University
SEAOHUN,THOHUN,Chulabhorn Royal Academy
SEAOHUN,THOHUN,Chulalongkorn University
SEAOHUN,THOHUN,Kasetsart University
SEAOHUN,THOHUN,Khon Kaen University
SEAOHUN,THOHUN,Mahasarakham University
SEAOHUN,THOHUN,Mahidol University
SEAOHUN,THOHUN,Prince of Songkla University
SEAOHUN,THOHUN,Thammasat University
SEAOHUN,THOHUN,Walailak University
SEAOHUN,THOHUN,Other
SEAOHUN,VOHUN,Bac Giang University of Agriculture and Forestry
SEAOHUN,VOHUN,Buon Ma Thuot University
SEAOHUN,VOHUN,Can Tho University
SEAOHUN,VOHUN,Can Tho University of Medicine and Pharmacy
SEAOHUN,VOHUN,Hai Phong University of Medicine and Pharmacy
SEAOHUN,VOHUN,Hanoi Medical University (HMU)
SEAOHUN,VOHUN,Hanoi University of Public Health
SEAOHUN,VOHUN,Hue University of Agriculture and Forestry (HUAF)
SEAOHUN,VOHUN,Hue University of Medicine and Pharmacy
SEAOHUN,VOHUN,Nam Dinh University of Nursing
SEAOHUN,VOHUN,Nong Lam University at Ho Chi Minh city (HCM NLU)
SEAOHUN,VOHUN,University of Medicine and Pharmacy at Ho Chi Minhcity (HCM UMP)
SEAOHUN,VOHUN,Tay Nguyen University
SEAOHUN,VOHUN,Thai Binh University of Medicine and Pharmacy
SEAOHUN,VOHUN,Thai Nguyen University of Agriculture and Forestry
SEAOHUN,VOHUN,Thai Nguyen University of Medicine and Pharmacy
SEAOHUN,VOHUN,Tra Vinh University
SEAOHUN,VOHUN,Vietnam National University of Agriculture (VNUA)
SEAOHUN,VOHUN,Vinh Long University of Technology and Education
SEAOHUN,VOHUN,Vinh Medical University
SEAOHUN,VOHUN,Other
AFOHUN,CAMEROON,Université des Montagnes (UdM)
AFOHUN,CAMEROON,"University of Buea, Faculty of Agriculture and Veterinary Medicine"
AFOHUN,CAMEROON,"University of Buea, Faculty of Health Sciences"
AFOHUN,CAMEROON,"University of Ngaoundéré, School of Veterinary Medicine and Sciences"
AFOHUN,CAMEROON,Other
AFOHUN,CÔTE D’IVOIRE,Université Félix Houphouët-Boigny
AFOHUN,CÔTE D’IVOIRE,Other
AFOHUN,DEMOCRATIC REPUBLIC OF THE CONGO,"University of Lubumbashi, School of Veterinary Medicine"
AFOHUN,DEMOCRATIC REPUBLIC OF THE CONGO,"University of Kinshasa, School of Public Health"
AFOHUN,DEMOCRATIC REPUBLIC OF THE CONGO,Other
AFOHUN,ETHIOPIA,"Jimma University, <br> College of Public Health and <br> Medical Science"
AFOHUN,ETHIOPIA,"Jimma University, <br> College of Agriculture and Veterinary <br>  Medicine, School of Veterinary Medicine"
AFOHUN,ETHIOPIA,"Addis Ababa University, <br> Aklilu Lemma Institute of Pathobiology"
AFOHUN,ETHIOPIA,"Mekelle University, <br> School of Veterinary Medicine"
AFOHUN,ETHIOPIA,"Mekelle University, <br> School of Public Health"
AFOHUN,ETHIOPIA,Other
AFOHUN,KENYA,"Moi University, <br> School of Public Health"
AFOHUN,KENYA,"University of Nairobi, <br> Faculty of Veterinary Medicine"
AFOHUN,KENYA,"University of Nairobi, <br> School of Public Health"
AFOHUN,KENYA,Other
AFOHUN,SENEGAL,"Université Cheikh Anta Diop, <br> Institute des Sciences del’Environnement"
AFOHUN,SENEGAL,"Université Cheikh Anta Diop, <br> Institut de Santé et <br>  Développement"
AFOHUN,SENEGAL,"Université Cheikh Anta Diop, <br> Ecole Inter-Etats des Sciences <br> et Medicine Veterinaires de Dakar"
AFOHUN,SENEGAL,Other
AFOHUN,TANZANIA,"Muhimbili University of Health <br> and Allied Sciences, School of <br> Public Health and Social Sciences"
AFOHUN,TANZANIA,"Sokoine University of Agriculture, <br> Faculty ofVeterinary Medicine"
AFOHUN,TANZANIA,Other
AFOHUN,RWANDA,"University of Rwanda, <br> School of Public Health"
AFOHUN,RWANDA,"Universityof Rwanda, <br> School of Animal Sciences <br> and Veterinary Medicine"
AFOHUN,RWANDA,University of Global Health Equity
AFOHUN,RWANDA,Other
AFOHUN,UGANDA,"Makerere University, School of <br> Public Health"
AFOHUN,UGANDA,"Makerere University, College of <br> Veterinary Medicine, Animal <br> Resources and Biosecurity"
AFOHUN,UGANDA,"Mbarara University of Science <br> and Technology, <br> Faculty of Medicine"
AFOHUN,UGANDA,Other